{
    "1380913448497582285": {
        "IDMessage": "1380913448497582285",
        "ChannelIDLog": "1378392017150939317",
        "ChannelIDTicket": "1380913444739354656",
        "LogsMessage": [
            {
                "content": "gsdgsgs",
                "author": "brasilroleplayadventures.",
                "timestamp": 1749305832604,
                "avatar": "https://cdn.discordapp.com/avatars/1376124573799678003/107d23e1b026a33fa5f09cde9216b57b.webp"
            },
            {
                "content": "sfdsfs",
                "author": "brasilroleplayadventures.",
                "timestamp": 1749305831588,
                "avatar": "https://cdn.discordapp.com/avatars/1376124573799678003/107d23e1b026a33fa5f09cde9216b57b.webp"
            }
        ],
        "Protocolo": "brasilroleplayadventures."
    }
}